ID,resname,resid,x_1,y_1,z_1,x_2,y_2,z_2,x_3,y_3,z_3,x_4,y_4,z_4,x_5,y_5,z_5
1ABC_A_1,G,1,-0.04890328727157589,0.08071808530720986,-0.01575390728568315,0.9445250187508895,-0.19581051703515945,1.2796231689157018,-1.2523165117303696,3.7852744543250854,-0.042748356761550976,-1.0072517629621558,-0.29059986802042437,-2.2284238552977396,0.14525181142450488,2.0180080663729885,-1.419860095040388
1ABC_A_2,G,2,-0.04890328727157589,0.08071808530720986,-0.01575390728568315,2.9971564255444747,-0.3875886641394621,-0.48402782118404425,-2.164325145183376,1.7258079095135879,-2.4574412072277276,-2.4413165354329176,1.7057697300956058,2.6967261498559627,-0.7042275804671123,-0.7034982209571055,-2.9427838035499203
1ABC_A_3,C,3,-0.0003612437573924654,-0.04708875598821365,-0.0003330473235818379,3.1580643872573906,1.487780702317604,-0.9392818191934861,0.4173659462521183,-3.966429003747765,-2.656705145120443,-0.14438148691806016,1.9599770397958347,0.7229390027716864,0.5918793103717597,0.475021788371565,0.009893865961339962
1ABC_A_4,G,4,-0.04890328727157589,0.08071808530720986,-0.01575390728568315,1.0362167999003535,-0.8461173003177147,-0.9472134144261969,0.34481918446667115,1.5576512452980307,0.32698265509425783,-1.3391427964818243,0.8035092963240378,3.0603192256462552,-0.5180775540218707,-2.7500233987936187,-0.8570445528164012
1ABC_A_5,U,5,-0.09555541269302542,-0.047177143132873266,-0.09281650636766237,0.3883691304390428,-3.873737632448469,-3.542652171393728,-0.32685197746950645,-0.6493845343114508,-3.0498604871025172,-0.16720749091292847,3.082110168495139,-5.332306714547151,-0.7809844457465644,-1.6517316815761112,-0.41538792969968064
1ABC_A_6,A,6,-0.08099462273637309,0.022386601424751303,-0.07463198203754808,-1.2055696812183185,-2.0032756392440962,0.5538626831529997,-1.5206830395257904,-0.8988909404948237,2.039612470400283,1.5628103860140745,0.19648073790109397,-0.6726466829692838,0.7271070908927038,3.7947584038458118,0.27452364362612985
1ABC_A_7,G,7,-0.04890328727157589,0.08071808530720986,-0.01575390728568315,-1.864951438313998,-2.7438893173633736,2.915543630557425,0.6383332918653469,-3.445362225418258,0.6324140315039068,0.1346182657994287,-3.894419743894576,-0.455097682960707,0.46619749417395207,-0.06817374622512434,-3.853296337883766
1ABC_A_8,U,8,-0.09555541269302542,-0.047177143132873266,-0.09281650636766237,-0.5471080136660967,0.0878792662429744,-2.942312878794576,-0.8657199735256584,-1.4010211437447908,1.1305360713140735,0.6186697303304673,2.908610946350159,-1.1293569429149573,-0.14858316359145918,0.07328327674917962,4.83366771860291
1ABC_A_9,C,9,-0.0003612437573924654,-0.04708875598821365,-0.0003330473235818379,-1.0891266928077579,0.1747564234315185,-2.3023202021681874,2.0616378012345096,1.8154714822441835,-1.678768093768859,-1.6173484495437678,-1.0506028431572867,1.8304711880805664,-0.3850831733196375,0.5560059286790113,-0.06975658673406845
1ABC_A_10,C,10,-0.0003612437573924654,-0.04708875598821365,-0.0003330473235818379,0.7510347929339515,-1.2483661358258236,-0.5837205469101354,-0.6187859954598216,0.6154381068189143,1.9507572069211365,0.6571409755619765,-1.1066091635222912,1.0262018189031303,-2.3377173189964564,2.2385568730418273,1.5035330180499664
2DEF_B_1,A,1,-0.08099462273637309,0.022386601424751303,-0.07463198203754808,0.9124336832860922,-0.254142000917618,1.220745094163837,-1.284407847195167,3.726942970442627,-0.10162643151341591,-1.039343098426953,-0.34893135190288294,-2.2873019300496047,0.11316047595970768,1.9596765824905298,-1.4787381697922528
2DEF_B_2,U,2,-0.09555541269302542,-0.047177143132873266,-0.09281650636766237,2.950504300123025,-0.5154838925795452,-0.5610904202660234,-2.2109772706048254,1.5979126810735047,-2.534503806309707,-2.487968660854367,1.5778745016555227,2.6196635507739834,-0.7508797058885619,-0.8313934493971885,-3.0198464026318996
2DEF_B_3,C,3,-0.0003612437573924654,-0.04708875598821365,-0.0003330473235818379,3.1580643872573906,1.487780702317604,-0.9392818191934861,0.4173659462521183,-3.966429003747765,-2.656705145120443,-0.14438148691806016,1.9599770397958347,0.7229390027716864,0.5918793103717597,0.475021788371565,0.009893865961339962
2DEF_B_4,G,4,-0.04890328727157589,0.08071808530720986,-0.01575390728568315,1.0362167999003535,-0.8461173003177147,-0.9472134144261969,0.34481918446667115,1.5576512452980307,0.32698265509425783,-1.3391427964818243,0.8035092963240378,3.0603192256462552,-0.5180775540218707,-2.7500233987936187,-0.8570445528164012
2DEF_B_5,A,5,-0.08099462273637309,0.022386601424751303,-0.07463198203754808,0.40292992039569514,-3.8041738878908444,-3.524467647063614,-0.3122911875128541,-0.5798207897538262,-3.031675962772403,-0.15264670095627614,3.1516739130527633,-5.314122190217037,-0.766423655789912,-1.5821679370184865,-0.39720340536956633
2DEF_B_6,U,6,-0.09555541269302542,-0.047177143132873266,-0.09281650636766237,-1.2201304711749708,-2.0728393838017207,0.5356781588228854,-1.5352438294824426,-0.9684546850524482,2.021427946070169,1.5482495960574223,0.1269169933434694,-0.6908312072993981,0.7125463009360513,3.7251946592881873,0.25633911929601555
2DEF_B_7,C,7,-0.0003612437573924654,-0.04708875598821365,-0.0003330473235818379,-1.8164093947998148,-2.8716961586587972,2.9309644905195262,0.6868753353795304,-3.5731690667136817,0.6478348914660081,0.18316030931361213,-4.022226585189999,-0.4396768229986057,0.5147395376881355,-0.19598058752054787,-3.837875477921665
2DEF_B_8,G,8,-0.04890328727157589,0.08071808530720986,-0.01575390728568315,-0.5004558882446473,0.21577449468305754,-2.8652502797125967,-0.819067848104209,-1.2731259153047076,1.2075986703960526,0.6653218557519169,3.036506174790242,-1.052294343832978,-0.10193103817000965,0.20117850518926272,4.910730317684889
2DEF_B_9,A,9,-0.08099462273637309,0.022386601424751303,-0.07463198203754808,-1.1697600717867385,0.24423178084448346,-2.376619136882154,1.9810044222555288,1.8849468396571485,-1.7530670284828251,-1.6979818285227484,-0.9811274857443217,1.7561722533666002,-0.46571655229861814,0.6254812860919763,-0.14405552144803468
2DEF_B_10,U,10,-0.09555541269302542,-0.047177143132873266,-0.09281650636766237,0.6558406239983186,-1.2484545229704833,-0.6762040059542159,-0.7139801643954546,0.6153497196742547,1.858273747877056,0.5619468066263436,-1.106697550666951,0.9337183598590498,-2.4329114879320897,2.238468485897168,1.4110495590058858
